Graph 1. Components of the Cares Act,Billions $,Graph 2. Funding for the FED's CARES Act Facilities,"Billions $, as of July",Graph 3. Federal Reserve's Total Assets,"Total Assets (Less Elimination from Consolidation), Wednesday Level","Graph 4. Valuations from the S&P, Dow Jones and NASDAQ ",SP500,DOW JONES,NASDAQ,"Graph 5. Unemployment Rate by Ethnic Group, US",Unemployment Rate - Hispanic or Latino,Unemployment Rate - White,Unemployment Rate - Black or African American,Unemployment Rate - Women,Graph 6.  US Firms' Investment after FED's QE,No Bond Market Access,Bond Market Access,Graph 7.  US Firms' Cash after FED's QE,No Bond Market Access,Bond Market Access
Distressed Businesses,500,Fed assistance pledged,1950,2002-12-18,"  719,542 ",2019-01-01,-6.5,-6.4,-4.1,2019-01-01,4.8,3.5,6.9,3.9,2019q4,0.1661671,0.1217495,2019q4,0.2802938,0.0665796
Small Businesses,350,Treasury pledged,92,2002-12-25,"  732,059 ",2019-02-01,1.8,2.5,3.7,2019-02-01,4.3,3.2,7.0,3.8,2020q1,0.0878896,0.0439647,2020q1,0.2846807,0.08159
Individual Checks,300,Treasury invested to date,103,2003-01-01,"  730,994 ",2019-03-01,3.7,4.6,4.3,2019-03-01,4.5,3.3,6.5,3.7,2020q2,0.0821295,0.0639139,2020q2,0.3068313,0.0937965
Unemployment Insurance,250,ESF debt (nonsubsidized financing),85,2003-01-08,"  723,762 ",2019-04-01,9.4,8.6,12.9,2019-04-01,4.1,3.2,6.6,3.5,2020q3,0.0725977,0.0717703,2020q3,0.2425332,0.1579627
State and Local Governments,150,Cares Act funding (subsidized financing),18,2003-01-15,"  720,074 ",2019-05-01,5.7,4.8,6.3,2019-05-01,4.1,3.3,6.1,3.6,,,,,,
Health ,140,,,2003-01-22,"  735,953 ",2019-06-01,4.9,5.5,2.4,2019-06-01,4.3,3.3,6.0,3.6,,,,,,
Fema,45,,,2003-01-29,"  712,809 ",2019-07-01,7.2,8.5,5.8,2019-07-01,4.4,3.3,5.6,3.6,,,,,,
Agriculture,35,,,2003-02-05,"  719,643 ",2019-08-01,1.4,1.7,0.2,2019-08-01,4.2,3.4,5.2,3.6,,,,,,
,,,,2003-02-12,"  713,281 ",2019-09-01,2.8,2.5,1.3,2019-09-01,4.0,3.2,5.4,3.3,,,,,,
,,,,2003-02-19,"  730,400 ",2019-10-01,6.9,4.4,7.3,2019-10-01,4.2,3.3,5.6,3.5,,,,,,
,,,,2003-02-26,"  721,980 ",2019-11-01,14.0,10.0,17.7,2019-11-01,4.3,3.3,5.7,3.6,,,,,,
,,,,2003-03-05,"  722,649 ",2019-12-01,23.7,18.3,28.8,2019-12-01,4.3,3.1,6.2,3.6,,,,,,
,,,,2003-03-12,"  717,014 ",2020-01-01,25.7,19.5,32.3,2020-01-01,4.3,3.0,6.1,3.5,,,,,,
,,,,2003-03-19,"  729,923 ",2020-02-01,19.0,11.4,26.8,2020-02-01,4.4,3.0,6.0,3.4,,,,,,
,,,,2003-03-26,"  725,019 ",2020-03-01,-5.4,-12.0,1.9,2020-03-01,6.0,3.9,6.8,4.4,,,,,,
,,,,2003-04-02,"  732,452 ",2020-04-01,-4.9,-11.8,3.7,2020-04-01,18.9,14.1,16.7,16.1,,,,,,
,,,,2003-04-09,"  727,826 ",2020-05-01,2.3,-5.7,16.7,2020-05-01,17.6,12.3,16.7,14.5,,,,,,
,,,,2003-04-16,"  745,838 ",2020-06-01,7.4,-0.4,25.7,2020-06-01,14.5,10.1,15.3,11.7,,,,,,
,,,,2003-04-23,"  732,222 ",2020-07-01,7.1,-2.6,28.0,2020-07-01,12.7,9.2,14.4,10.6,,,,,,
,,,,2003-04-30,"  746,294 ",2020-08-01,17.1,6.8,41.7,2020-08-01,10.5,7.4,12.8,8.6,,,,,,
,,,,2003-05-07,"  733,466 ",2020-09-01,12.9,3.1,37.1,2020-09-01,10.3,7.0,12.0,8.0,,,,,,
,,,,2003-05-14,"  740,371 ",2020-10-01,14.8,4.7,41.5,2020-10-01,8.8,6.0,10.8,6.8,,,,,,
,,,,2003-05-21,"  734,699 ",2020-11-01,14.3,4.8,38.5,2020-11-01,8.4,5.9,10.3,6.4,,,,,,
,,,,2003-05-28,"  744,896 ",2020-12-01,16.3,7.0,43.7,2020-12-01,9.3,6.0,9.9,6.7,,,,,,
,,,,2003-06-04,"  731,667 ",2021-01-01,15.7,6.7,42.8,2021-01-01,8.6,5.7,9.2,6.3,,,,,,
,,,,2003-06-11,"  743,236 ",2021-02-01,18.5,9.7,45.9,2021-02-01,8.5,5.6,9.9,6.1,,,,,,
,,,,2003-06-18,"  735,926 ",,,,,,,,,,,,,,,
,,,,2003-06-25,"  744,018 ",,,,,,,,,,,,,,,
,,,,2003-07-02,"  740,126 ",,,,,,,,,,,,,,,
,,,,2003-07-09,"  744,430 ",,,,,,,,,,,,,,,
,,,,2003-07-16,"  737,765 ",,,,,,,,,,,,,,,
,,,,2003-07-23,"  745,665 ",,,,,,,,,,,,,,,
,,,,2003-07-30,"  740,295 ",,,,,,,,,,,,,,,
,,,,2003-08-06,"  734,018 ",,,,,,,,,,,,,,,
,,,,2003-08-13,"  735,386 ",,,,,,,,,,,,,,,
,,,,2003-08-20,"  750,825 ",,,,,,,,,,,,,,,
,,,,2003-08-27,"  740,637 ",,,,,,,,,,,,,,,
,,,,2003-09-03,"  750,461 ",,,,,,,,,,,,,,,
,,,,2003-09-10,"  737,234 ",,,,,,,,,,,,,,,
,,,,2003-09-17,"  743,939 ",,,,,,,,,,,,,,,
,,,,2003-09-24,"  741,193 ",,,,,,,,,,,,,,,
,,,,2003-10-01,"  753,155 ",,,,,,,,,,,,,,,
,,,,2003-10-08,"  737,108 ",,,,,,,,,,,,,,,
,,,,2003-10-15,"  754,229 ",,,,,,,,,,,,,,,
,,,,2003-10-22,"  743,578 ",,,,,,,,,,,,,,,
,,,,2003-10-29,"  747,272 ",,,,,,,,,,,,,,,
,,,,2003-11-05,"  744,116 ",,,,,,,,,,,,,,,
,,,,2003-11-12,"  745,604 ",,,,,,,,,,,,,,,
,,,,2003-11-19,"  744,521 ",,,,,,,,,,,,,,,
,,,,2003-11-26,"  756,964 ",,,,,,,,,,,,,,,
,,,,2003-12-03,"  749,981 ",,,,,,,,,,,,,,,
,,,,2003-12-10,"  756,585 ",,,,,,,,,,,,,,,
,,,,2003-12-17,"  753,919 ",,,,,,,,,,,,,,,
,,,,2003-12-24,"  767,012 ",,,,,,,,,,,,,,,
,,,,2003-12-31,"  771,551 ",,,,,,,,,,,,,,,
,,,,2004-01-07,"  755,829 ",,,,,,,,,,,,,,,
,,,,2004-01-14,"  752,812 ",,,,,,,,,,,,,,,
,,,,2004-01-21,"  775,833 ",,,,,,,,,,,,,,,
,,,,2004-01-28,"  755,279 ",,,,,,,,,,,,,,,
,,,,2004-02-04,"  754,153 ",,,,,,,,,,,,,,,
,,,,2004-02-11,"  750,999 ",,,,,,,,,,,,,,,
,,,,2004-02-18,"  758,759 ",,,,,,,,,,,,,,,
,,,,2004-02-25,"  750,666 ",,,,,,,,,,,,,,,
,,,,2004-03-03,"  754,867 ",,,,,,,,,,,,,,,
,,,,2004-03-10,"  749,950 ",,,,,,,,,,,,,,,
,,,,2004-03-17,"  760,638 ",,,,,,,,,,,,,,,
,,,,2004-03-24,"  751,510 ",,,,,,,,,,,,,,,
,,,,2004-03-31,"  760,725 ",,,,,,,,,,,,,,,
,,,,2004-04-07,"  754,083 ",,,,,,,,,,,,,,,
,,,,2004-04-14,"  763,734 ",,,,,,,,,,,,,,,
,,,,2004-04-21,"  757,984 ",,,,,,,,,,,,,,,
,,,,2004-04-28,"  772,927 ",,,,,,,,,,,,,,,
,,,,2004-05-05,"  758,838 ",,,,,,,,,,,,,,,
,,,,2004-05-12,"  764,835 ",,,,,,,,,,,,,,,
,,,,2004-05-19,"  756,874 ",,,,,,,,,,,,,,,
,,,,2004-05-26,"  771,108 ",,,,,,,,,,,,,,,
,,,,2004-06-02,"  764,090 ",,,,,,,,,,,,,,,
,,,,2004-06-09,"  772,187 ",,,,,,,,,,,,,,,
,,,,2004-06-16,"  761,834 ",,,,,,,,,,,,,,,
,,,,2004-06-23,"  775,261 ",,,,,,,,,,,,,,,
,,,,2004-06-30,"  779,578 ",,,,,,,,,,,,,,,
,,,,2004-07-07,"  778,163 ",,,,,,,,,,,,,,,
,,,,2004-07-14,"  775,536 ",,,,,,,,,,,,,,,
,,,,2004-07-21,"  776,764 ",,,,,,,,,,,,,,,
,,,,2004-07-28,"  773,916 ",,,,,,,,,,,,,,,
,,,,2004-08-04,"  772,085 ",,,,,,,,,,,,,,,
,,,,2004-08-11,"  769,265 ",,,,,,,,,,,,,,,
,,,,2004-08-18,"  767,595 ",,,,,,,,,,,,,,,
,,,,2004-08-25,"  775,437 ",,,,,,,,,,,,,,,
,,,,2004-09-01,"  785,273 ",,,,,,,,,,,,,,,
,,,,2004-09-08,"  788,602 ",,,,,,,,,,,,,,,
,,,,2004-09-15,"  789,128 ",,,,,,,,,,,,,,,
,,,,2004-09-22,"  782,124 ",,,,,,,,,,,,,,,
,,,,2004-09-29,"  786,330 ",,,,,,,,,,,,,,,
,,,,2004-10-06,"  781,777 ",,,,,,,,,,,,,,,
,,,,2004-10-13,"  795,483 ",,,,,,,,,,,,,,,
,,,,2004-10-20,"  784,954 ",,,,,,,,,,,,,,,
,,,,2004-10-27,"  791,336 ",,,,,,,,,,,,,,,
,,,,2004-11-03,"  790,552 ",,,,,,,,,,,,,,,
,,,,2004-11-10,"  800,473 ",,,,,,,,,,,,,,,
,,,,2004-11-17,"  794,090 ",,,,,,,,,,,,,,,
,,,,2004-11-24,"  809,956 ",,,,,,,,,,,,,,,
,,,,2004-12-01,"  807,063 ",,,,,,,,,,,,,,,
,,,,2004-12-08,"  808,495 ",,,,,,,,,,,,,,,
,,,,2004-12-15,"  807,028 ",,,,,,,,,,,,,,,
,,,,2004-12-22,"  811,333 ",,,,,,,,,,,,,,,
,,,,2004-12-29,"  810,944 ",,,,,,,,,,,,,,,
,,,,2005-01-05,"  815,702 ",,,,,,,,,,,,,,,
,,,,2005-01-12,"  798,455 ",,,,,,,,,,,,,,,
,,,,2005-01-19,"  806,960 ",,,,,,,,,,,,,,,
,,,,2005-01-26,"  807,262 ",,,,,,,,,,,,,,,
,,,,2005-02-02,"  804,746 ",,,,,,,,,,,,,,,
,,,,2005-02-09,"  797,299 ",,,,,,,,,,,,,,,
,,,,2005-02-16,"  795,606 ",,,,,,,,,,,,,,,
,,,,2005-02-23,"  804,576 ",,,,,,,,,,,,,,,
,,,,2005-03-02,"  801,252 ",,,,,,,,,,,,,,,
,,,,2005-03-09,"  799,250 ",,,,,,,,,,,,,,,
,,,,2005-03-16,"  807,211 ",,,,,,,,,,,,,,,
,,,,2005-03-23,"  797,094 ",,,,,,,,,,,,,,,
,,,,2005-03-30,"  807,551 ",,,,,,,,,,,,,,,
,,,,2005-04-06,"  797,327 ",,,,,,,,,,,,,,,
,,,,2005-04-13,"  805,707 ",,,,,,,,,,,,,,,
,,,,2005-04-20,"  801,793 ",,,,,,,,,,,,,,,
,,,,2005-04-27,"  809,797 ",,,,,,,,,,,,,,,
,,,,2005-05-04,"  802,412 ",,,,,,,,,,,,,,,
,,,,2005-05-11,"  808,378 ",,,,,,,,,,,,,,,
,,,,2005-05-18,"  801,546 ",,,,,,,,,,,,,,,
,,,,2005-05-25,"  810,160 ",,,,,,,,,,,,,,,
,,,,2005-06-01,"  817,335 ",,,,,,,,,,,,,,,
,,,,2005-06-08,"  814,172 ",,,,,,,,,,,,,,,
,,,,2005-06-15,"  811,198 ",,,,,,,,,,,,,,,
,,,,2005-06-22,"  810,429 ",,,,,,,,,,,,,,,
,,,,2005-06-29,"  810,082 ",,,,,,,,,,,,,,,
,,,,2005-07-06,"  821,556 ",,,,,,,,,,,,,,,
,,,,2005-07-13,"  808,861 ",,,,,,,,,,,,,,,
,,,,2005-07-20,"  816,804 ",,,,,,,,,,,,,,,
,,,,2005-07-27,"  814,259 ",,,,,,,,,,,,,,,
,,,,2005-08-03,"  818,841 ",,,,,,,,,,,,,,,
,,,,2005-08-10,"  808,544 ",,,,,,,,,,,,,,,
,,,,2005-08-17,"  813,774 ",,,,,,,,,,,,,,,
,,,,2005-08-24,"  811,313 ",,,,,,,,,,,,,,,
,,,,2005-08-31,"  823,237 ",,,,,,,,,,,,,,,
,,,,2005-09-07,"  822,500 ",,,,,,,,,,,,,,,
,,,,2005-09-14,"  823,590 ",,,,,,,,,,,,,,,
,,,,2005-09-21,"  812,926 ",,,,,,,,,,,,,,,
,,,,2005-09-28,"  823,771 ",,,,,,,,,,,,,,,
,,,,2005-10-05,"  817,137 ",,,,,,,,,,,,,,,
,,,,2005-10-12,"  826,306 ",,,,,,,,,,,,,,,
,,,,2005-10-19,"  814,281 ",,,,,,,,,,,,,,,
,,,,2005-10-26,"  819,105 ",,,,,,,,,,,,,,,
,,,,2005-11-02,"  814,571 ",,,,,,,,,,,,,,,
,,,,2005-11-09,"  824,991 ",,,,,,,,,,,,,,,
,,,,2005-11-16,"  823,263 ",,,,,,,,,,,,,,,
,,,,2005-11-23,"  833,124 ",,,,,,,,,,,,,,,
,,,,2005-11-30,"  835,059 ",,,,,,,,,,,,,,,
,,,,2005-12-07,"  833,250 ",,,,,,,,,,,,,,,
,,,,2005-12-14,"  830,950 ",,,,,,,,,,,,,,,
,,,,2005-12-21,"  848,317 ",,,,,,,,,,,,,,,
,,,,2005-12-28,"  847,700 ",,,,,,,,,,,,,,,
,,,,2006-01-04,"  851,856 ",,,,,,,,,,,,,,,
,,,,2006-01-11,"  829,357 ",,,,,,,,,,,,,,,
,,,,2006-01-18,"  836,042 ",,,,,,,,,,,,,,,
,,,,2006-01-25,"  828,901 ",,,,,,,,,,,,,,,
,,,,2006-02-01,"  831,808 ",,,,,,,,,,,,,,,
,,,,2006-02-08,"  827,613 ",,,,,,,,,,,,,,,
,,,,2006-02-15,"  835,240 ",,,,,,,,,,,,,,,
,,,,2006-02-22,"  840,555 ",,,,,,,,,,,,,,,
,,,,2006-03-01,"  839,356 ",,,,,,,,,,,,,,,
,,,,2006-03-08,"  839,234 ",,,,,,,,,,,,,,,
,,,,2006-03-15,"  843,010 ",,,,,,,,,,,,,,,
,,,,2006-03-22,"  838,003 ",,,,,,,,,,,,,,,
,,,,2006-03-29,"  833,675 ",,,,,,,,,,,,,,,
,,,,2006-04-05,"  834,589 ",,,,,,,,,,,,,,,
,,,,2006-04-12,"  836,862 ",,,,,,,,,,,,,,,
,,,,2006-04-19,"  836,352 ",,,,,,,,,,,,,,,
,,,,2006-04-26,"  844,572 ",,,,,,,,,,,,,,,
,,,,2006-05-03,"  843,867 ",,,,,,,,,,,,,,,
,,,,2006-05-10,"  838,405 ",,,,,,,,,,,,,,,
,,,,2006-05-17,"  838,153 ",,,,,,,,,,,,,,,
,,,,2006-05-24,"  840,251 ",,,,,,,,,,,,,,,
,,,,2006-05-31,"  851,580 ",,,,,,,,,,,,,,,
,,,,2006-06-07,"  849,074 ",,,,,,,,,,,,,,,
,,,,2006-06-14,"  845,869 ",,,,,,,,,,,,,,,
,,,,2006-06-21,"  844,773 ",,,,,,,,,,,,,,,
,,,,2006-06-28,"  844,436 ",,,,,,,,,,,,,,,
,,,,2006-07-05,"  851,659 ",,,,,,,,,,,,,,,
,,,,2006-07-12,"  844,391 ",,,,,,,,,,,,,,,
,,,,2006-07-19,"  849,894 ",,,,,,,,,,,,,,,
,,,,2006-07-26,"  841,552 ",,,,,,,,,,,,,,,
,,,,2006-08-02,"  850,263 ",,,,,,,,,,,,,,,
,,,,2006-08-09,"  840,006 ",,,,,,,,,,,,,,,
,,,,2006-08-16,"  842,876 ",,,,,,,,,,,,,,,
,,,,2006-08-23,"  837,987 ",,,,,,,,,,,,,,,
,,,,2006-08-30,"  850,925 ",,,,,,,,,,,,,,,
,,,,2006-09-06,"  848,594 ",,,,,,,,,,,,,,,
,,,,2006-09-13,"  840,886 ",,,,,,,,,,,,,,,
,,,,2006-09-20,"  838,192 ",,,,,,,,,,,,,,,
,,,,2006-09-27,"  849,971 ",,,,,,,,,,,,,,,
,,,,2006-10-04,"  842,296 ",,,,,,,,,,,,,,,
,,,,2006-10-11,"  859,339 ",,,,,,,,,,,,,,,
,,,,2006-10-18,"  844,200 ",,,,,,,,,,,,,,,
,,,,2006-10-25,"  852,648 ",,,,,,,,,,,,,,,
,,,,2006-11-01,"  855,536 ",,,,,,,,,,,,,,,
,,,,2006-11-08,"  858,630 ",,,,,,,,,,,,,,,
,,,,2006-11-15,"  855,551 ",,,,,,,,,,,,,,,
,,,,2006-11-22,"  865,126 ",,,,,,,,,,,,,,,
,,,,2006-11-29,"  856,671 ",,,,,,,,,,,,,,,
,,,,2006-12-06,"  862,178 ",,,,,,,,,,,,,,,
,,,,2006-12-13,"  853,851 ",,,,,,,,,,,,,,,
,,,,2006-12-20,"  865,010 ",,,,,,,,,,,,,,,
,,,,2006-12-27,"  869,988 ",,,,,,,,,,,,,,,
,,,,2007-01-03,"  874,626 ",,,,,,,,,,,,,,,
,,,,2007-01-10,"  854,819 ",,,,,,,,,,,,,,,
,,,,2007-01-17,"  859,363 ",,,,,,,,,,,,,,,
,,,,2007-01-24,"  851,755 ",,,,,,,,,,,,,,,
,,,,2007-01-31,"  865,730 ",,,,,,,,,,,,,,,
,,,,2007-02-07,"  855,057 ",,,,,,,,,,,,,,,
,,,,2007-02-14,"  867,199 ",,,,,,,,,,,,,,,
,,,,2007-02-21,"  869,235 ",,,,,,,,,,,,,,,
,,,,2007-02-28,"  877,409 ",,,,,,,,,,,,,,,
,,,,2007-03-07,"  864,505 ",,,,,,,,,,,,,,,
,,,,2007-03-14,"  876,108 ",,,,,,,,,,,,,,,
,,,,2007-03-21,"  863,067 ",,,,,,,,,,,,,,,
,,,,2007-03-28,"  869,803 ",,,,,,,,,,,,,,,
,,,,2007-04-04,"  862,319 ",,,,,,,,,,,,,,,
,,,,2007-04-11,"  865,441 ",,,,,,,,,,,,,,,
,,,,2007-04-18,"  861,335 ",,,,,,,,,,,,,,,
,,,,2007-04-25,"  879,686 ",,,,,,,,,,,,,,,
,,,,2007-05-02,"  890,857 ",,,,,,,,,,,,,,,
,,,,2007-05-09,"  875,270 ",,,,,,,,,,,,,,,
,,,,2007-05-16,"  859,559 ",,,,,,,,,,,,,,,
,,,,2007-05-23,"  873,935 ",,,,,,,,,,,,,,,
,,,,2007-05-30,"  876,986 ",,,,,,,,,,,,,,,
,,,,2007-06-06,"  872,706 ",,,,,,,,,,,,,,,
,,,,2007-06-13,"  864,989 ",,,,,,,,,,,,,,,
,,,,2007-06-20,"  866,089 ",,,,,,,,,,,,,,,
,,,,2007-06-27,"  865,105 ",,,,,,,,,,,,,,,
,,,,2007-07-04,"  876,611 ",,,,,,,,,,,,,,,
,,,,2007-07-11,"  869,407 ",,,,,,,,,,,,,,,
,,,,2007-07-18,"  872,916 ",,,,,,,,,,,,,,,
,,,,2007-07-25,"  863,890 ",,,,,,,,,,,,,,,
,,,,2007-08-01,"  870,261 ",,,,,,,,,,,,,,,
,,,,2007-08-08,"  865,453 ",,,,,,,,,,,,,,,
,,,,2007-08-15,"  864,931 ",,,,,,,,,,,,,,,
,,,,2007-08-22,"  862,775 ",,,,,,,,,,,,,,,
,,,,2007-08-29,"  872,873 ",,,,,,,,,,,,,,,
,,,,2007-09-05,"  871,156 ",,,,,,,,,,,,,,,
,,,,2007-09-12,"  886,314 ",,,,,,,,,,,,,,,
,,,,2007-09-19,"  867,732 ",,,,,,,,,,,,,,,
,,,,2007-09-26,"  889,900 ",,,,,,,,,,,,,,,
,,,,2007-10-03,"  869,051 ",,,,,,,,,,,,,,,
,,,,2007-10-10,"  886,363 ",,,,,,,,,,,,,,,
,,,,2007-10-17,"  869,509 ",,,,,,,,,,,,,,,
,,,,2007-10-24,"  881,395 ",,,,,,,,,,,,,,,
,,,,2007-10-31,"  883,385 ",,,,,,,,,,,,,,,
,,,,2007-11-07,"  885,724 ",,,,,,,,,,,,,,,
,,,,2007-11-14,"  889,537 ",,,,,,,,,,,,,,,
,,,,2007-11-21,"  891,028 ",,,,,,,,,,,,,,,
,,,,2007-11-28,"  879,417 ",,,,,,,,,,,,,,,
,,,,2007-12-05,"  882,764 ",,,,,,,,,,,,,,,
,,,,2007-12-12,"  881,750 ",,,,,,,,,,,,,,,
,,,,2007-12-19,"  887,983 ",,,,,,,,,,,,,,,
,,,,2007-12-26,"  890,662 ",,,,,,,,,,,,,,,
,,,,2008-01-02,"  922,187 ",,,,,,,,,,,,,,,
,,,,2008-01-09,"  880,754 ",,,,,,,,,,,,,,,
,,,,2008-01-16,"  893,581 ",,,,,,,,,,,,,,,
,,,,2008-01-23,"  877,253 ",,,,,,,,,,,,,,,
,,,,2008-01-30,"  900,264 ",,,,,,,,,,,,,,,
,,,,2008-02-06,"  871,022 ",,,,,,,,,,,,,,,
,,,,2008-02-13,"  883,005 ",,,,,,,,,,,,,,,
,,,,2008-02-20,"  878,949 ",,,,,,,,,,,,,,,
,,,,2008-02-27,"  893,825 ",,,,,,,,,,,,,,,
,,,,2008-03-05,"  881,208 ",,,,,,,,,,,,,,,
,,,,2008-03-12,"  896,565 ",,,,,,,,,,,,,,,
,,,,2008-03-19,"  888,646 ",,,,,,,,,,,,,,,
,,,,2008-03-26,"  893,965 ",,,,,,,,,,,,,,,
,,,,2008-04-02,"  883,708 ",,,,,,,,,,,,,,,
,,,,2008-04-09,"  893,029 ",,,,,,,,,,,,,,,
,,,,2008-04-16,"  881,904 ",,,,,,,,,,,,,,,
,,,,2008-04-23,"  885,781 ",,,,,,,,,,,,,,,
,,,,2008-04-30,"  888,131 ",,,,,,,,,,,,,,,
,,,,2008-05-07,"  889,228 ",,,,,,,,,,,,,,,
,,,,2008-05-14,"  880,175 ",,,,,,,,,,,,,,,
,,,,2008-05-21,"  898,487 ",,,,,,,,,,,,,,,
,,,,2008-05-28,"  904,054 ",,,,,,,,,,,,,,,
,,,,2008-06-04,"  895,939 ",,,,,,,,,,,,,,,
,,,,2008-06-11,"  890,610 ",,,,,,,,,,,,,,,
,,,,2008-06-18,"  902,304 ",,,,,,,,,,,,,,,
,,,,2008-06-25,"  892,713 ",,,,,,,,,,,,,,,
,,,,2008-07-02,"  902,962 ",,,,,,,,,,,,,,,
,,,,2008-07-09,"  898,034 ",,,,,,,,,,,,,,,
,,,,2008-07-16,"  910,681 ",,,,,,,,,,,,,,,
,,,,2008-07-23,"  899,665 ",,,,,,,,,,,,,,,
,,,,2008-07-30,"  918,625 ",,,,,,,,,,,,,,,
,,,,2008-08-06,"  901,710 ",,,,,,,,,,,,,,,
,,,,2008-08-13,"  914,632 ",,,,,,,,,,,,,,,
,,,,2008-08-20,"  898,611 ",,,,,,,,,,,,,,,
,,,,2008-08-27,"  909,982 ",,,,,,,,,,,,,,,
,,,,2008-09-03,"  905,253 ",,,,,,,,,,,,,,,
,,,,2008-09-10,"  925,725 ",,,,,,,,,,,,,,,
,,,,2008-09-17,"  995,093 ",,,,,,,,,,,,,,,
,,,,2008-09-24,"  1,211,825 ",,,,,,,,,,,,,,,
,,,,2008-10-01,"  1,503,989 ",,,,,,,,,,,,,,,
,,,,2008-10-08,"  1,591,587 ",,,,,,,,,,,,,,,
,,,,2008-10-15,"  1,770,809 ",,,,,,,,,,,,,,,
,,,,2008-10-22,"  1,802,602 ",,,,,,,,,,,,,,,
,,,,2008-10-29,"  1,969,086 ",,,,,,,,,,,,,,,
,,,,2008-11-05,"  2,074,205 ",,,,,,,,,,,,,,,
,,,,2008-11-12,"  2,212,852 ",,,,,,,,,,,,,,,
,,,,2008-11-19,"  2,187,137 ",,,,,,,,,,,,,,,
,,,,2008-11-26,"  2,106,117 ",,,,,,,,,,,,,,,
,,,,2008-12-03,"  2,136,924 ",,,,,,,,,,,,,,,
,,,,2008-12-10,"  2,250,012 ",,,,,,,,,,,,,,,
,,,,2008-12-17,"  2,254,983 ",,,,,,,,,,,,,,,
,,,,2008-12-24,"  2,232,311 ",,,,,,,,,,,,,,,
,,,,2008-12-31,"  2,239,457 ",,,,,,,,,,,,,,,
,,,,2009-01-07,"  2,121,439 ",,,,,,,,,,,,,,,
,,,,2009-01-14,"  2,049,714 ",,,,,,,,,,,,,,,
,,,,2009-01-21,"  2,037,112 ",,,,,,,,,,,,,,,
,,,,2009-01-28,"  1,927,082 ",,,,,,,,,,,,,,,
,,,,2009-02-04,"  1,851,437 ",,,,,,,,,,,,,,,
,,,,2009-02-11,"  1,843,400 ",,,,,,,,,,,,,,,
,,,,2009-02-18,"  1,915,562 ",,,,,,,,,,,,,,,
,,,,2009-02-25,"  1,916,115 ",,,,,,,,,,,,,,,
,,,,2009-03-04,"  1,901,317 ",,,,,,,,,,,,,,,
,,,,2009-03-11,"  1,899,514 ",,,,,,,,,,,,,,,
,,,,2009-03-18,"  2,066,942 ",,,,,,,,,,,,,,,
,,,,2009-03-25,"  2,071,556 ",,,,,,,,,,,,,,,
,,,,2009-04-01,"  2,078,936 ",,,,,,,,,,,,,,,
,,,,2009-04-08,"  2,088,573 ",,,,,,,,,,,,,,,
,,,,2009-04-15,"  2,186,498 ",,,,,,,,,,,,,,,
,,,,2009-04-22,"  2,196,812 ",,,,,,,,,,,,,,,
,,,,2009-04-29,"  2,066,712 ",,,,,,,,,,,,,,,
,,,,2009-05-06,"  2,079,758 ",,,,,,,,,,,,,,,
,,,,2009-05-13,"  2,196,351 ",,,,,,,,,,,,,,,
,,,,2009-05-20,"  2,181,632 ",,,,,,,,,,,,,,,
,,,,2009-05-27,"  2,080,115 ",,,,,,,,,,,,,,,
,,,,2009-06-03,"  2,077,695 ",,,,,,,,,,,,,,,
,,,,2009-06-10,"  2,052,297 ",,,,,,,,,,,,,,,
,,,,2009-06-17,"  2,072,527 ",,,,,,,,,,,,,,,
,,,,2009-06-24,"  2,025,571 ",,,,,,,,,,,,,,,
,,,,2009-07-01,"  2,005,627 ",,,,,,,,,,,,,,,
,,,,2009-07-08,"  1,992,740 ",,,,,,,,,,,,,,,
,,,,2009-07-15,"  2,072,451 ",,,,,,,,,,,,,,,
,,,,2009-07-22,"  2,039,001 ",,,,,,,,,,,,,,,
,,,,2009-07-29,"  2,000,547 ",,,,,,,,,,,,,,,
,,,,2009-08-05,"  1,989,203 ",,,,,,,,,,,,,,,
,,,,2009-08-12,"  2,014,899 ",,,,,,,,,,,,,,,
,,,,2009-08-19,"  2,060,641 ",,,,,,,,,,,,,,,
,,,,2009-08-26,"  2,074,902 ",,,,,,,,,,,,,,,
,,,,2009-09-02,"  2,083,720 ",,,,,,,,,,,,,,,
,,,,2009-09-09,"  2,087,946 ",,,,,,,,,,,,,,,
,,,,2009-09-16,"  2,139,783 ",,,,,,,,,,,,,,,
,,,,2009-09-23,"  2,158,631 ",,,,,,,,,,,,,,,
,,,,2009-09-30,"  2,141,020 ",,,,,,,,,,,,,,,
,,,,2009-10-07,"  2,138,086 ",,,,,,,,,,,,,,,
,,,,2009-10-14,"  2,192,787 ",,,,,,,,,,,,,,,
,,,,2009-10-21,"  2,201,119 ",,,,,,,,,,,,,,,
,,,,2009-10-28,"  2,161,537 ",,,,,,,,,,,,,,,
,,,,2009-11-04,"  2,165,067 ",,,,,,,,,,,,,,,
,,,,2009-11-11,"  2,135,035 ",,,,,,,,,,,,,,,
,,,,2009-11-18,"  2,208,721 ",,,,,,,,,,,,,,,
,,,,2009-11-25,"  2,206,359 ",,,,,,,,,,,,,,,
,,,,2009-12-02,"  2,204,074 ",,,,,,,,,,,,,,,
,,,,2009-12-09,"  2,186,383 ",,,,,,,,,,,,,,,
,,,,2009-12-16,"  2,235,763 ",,,,,,,,,,,,,,,
,,,,2009-12-23,"  2,235,803 ",,,,,,,,,,,,,,,
,,,,2009-12-30,"  2,234,067 ",,,,,,,,,,,,,,,
,,,,2010-01-06,"  2,235,304 ",,,,,,,,,,,,,,,
,,,,2010-01-13,"  2,291,700 ",,,,,,,,,,,,,,,
,,,,2010-01-20,"  2,251,806 ",,,,,,,,,,,,,,,
,,,,2010-01-27,"  2,246,886 ",,,,,,,,,,,,,,,
,,,,2010-02-03,"  2,249,319 ",,,,,,,,,,,,,,,
,,,,2010-02-10,"  2,256,679 ",,,,,,,,,,,,,,,
,,,,2010-02-17,"  2,277,574 ",,,,,,,,,,,,,,,
,,,,2010-02-24,"  2,286,127 ",,,,,,,,,,,,,,,
,,,,2010-03-03,"  2,280,147 ",,,,,,,,,,,,,,,
,,,,2010-03-10,"  2,282,474 ",,,,,,,,,,,,,,,
,,,,2010-03-17,"  2,307,997 ",,,,,,,,,,,,,,,
,,,,2010-03-24,"  2,313,149 ",,,,,,,,,,,,,,,
,,,,2010-03-31,"  2,307,150 ",,,,,,,,,,,,,,,
,,,,2010-04-07,"  2,307,575 ",,,,,,,,,,,,,,,
,,,,2010-04-14,"  2,339,345 ",,,,,,,,,,,,,,,
,,,,2010-04-21,"  2,337,556 ",,,,,,,,,,,,,,,
,,,,2010-04-28,"  2,330,472 ",,,,,,,,,,,,,,,
,,,,2010-05-05,"  2,326,164 ",,,,,,,,,,,,,,,
,,,,2010-05-12,"  2,336,103 ",,,,,,,,,,,,,,,
,,,,2010-05-19,"  2,350,890 ",,,,,,,,,,,,,,,
,,,,2010-05-26,"  2,334,041 ",,,,,,,,,,,,,,,
,,,,2010-06-02,"  2,336,216 ",,,,,,,,,,,,,,,
,,,,2010-06-09,"  2,331,529 ",,,,,,,,,,,,,,,
,,,,2010-06-16,"  2,344,316 ",,,,,,,,,,,,,,,
,,,,2010-06-23,"  2,344,497 ",,,,,,,,,,,,,,,
,,,,2010-06-30,"  2,330,851 ",,,,,,,,,,,,,,,
,,,,2010-07-07,"  2,332,017 ",,,,,,,,,,,,,,,
,,,,2010-07-14,"  2,340,717 ",,,,,,,,,,,,,,,
,,,,2010-07-21,"  2,332,322 ",,,,,,,,,,,,,,,
,,,,2010-07-28,"  2,325,298 ",,,,,,,,,,,,,,,
,,,,2010-08-04,"  2,326,479 ",,,,,,,,,,,,,,,
,,,,2010-08-11,"  2,327,533 ",,,,,,,,,,,,,,,
,,,,2010-08-18,"  2,313,662 ",,,,,,,,,,,,,,,
,,,,2010-08-25,"  2,301,015 ",,,,,,,,,,,,,,,
,,,,2010-09-01,"  2,301,996 ",,,,,,,,,,,,,,,
,,,,2010-09-08,"  2,305,802 ",,,,,,,,,,,,,,,
,,,,2010-09-15,"  2,296,079 ",,,,,,,,,,,,,,,
,,,,2010-09-22,"  2,307,171 ",,,,,,,,,,,,,,,
,,,,2010-09-29,"  2,298,691 ",,,,,,,,,,,,,,,
,,,,2010-10-06,"  2,308,092 ",,,,,,,,,,,,,,,
,,,,2010-10-13,"  2,309,885 ",,,,,,,,,,,,,,,
,,,,2010-10-20,"  2,305,227 ",,,,,,,,,,,,,,,
,,,,2010-10-27,"  2,295,392 ",,,,,,,,,,,,,,,
,,,,2010-11-03,"  2,300,353 ",,,,,,,,,,,,,,,
,,,,2010-11-10,"  2,312,768 ",,,,,,,,,,,,,,,
,,,,2010-11-17,"  2,314,757 ",,,,,,,,,,,,,,,
,,,,2010-11-24,"  2,346,001 ",,,,,,,,,,,,,,,
,,,,2010-12-01,"  2,346,920 ",,,,,,,,,,,,,,,
,,,,2010-12-08,"  2,382,294 ",,,,,,,,,,,,,,,
,,,,2010-12-15,"  2,385,754 ",,,,,,,,,,,,,,,
,,,,2010-12-22,"  2,427,921 ",,,,,,,,,,,,,,,
,,,,2010-12-29,"  2,420,570 ",,,,,,,,,,,,,,,
,,,,2011-01-05,"  2,436,064 ",,,,,,,,,,,,,,,
,,,,2011-01-12,"  2,468,131 ",,,,,,,,,,,,,,,
,,,,2011-01-19,"  2,425,164 ",,,,,,,,,,,,,,,
,,,,2011-01-26,"  2,443,527 ",,,,,,,,,,,,,,,
,,,,2011-02-02,"  2,469,419 ",,,,,,,,,,,,,,,
,,,,2011-02-09,"  2,500,481 ",,,,,,,,,,,,,,,
,,,,2011-02-16,"  2,508,868 ",,,,,,,,,,,,,,,
,,,,2011-02-23,"  2,533,221 ",,,,,,,,,,,,,,,
,,,,2011-03-02,"  2,545,119 ",,,,,,,,,,,,,,,
,,,,2011-03-09,"  2,577,076 ",,,,,,,,,,,,,,,
,,,,2011-03-16,"  2,583,046 ",,,,,,,,,,,,,,,
,,,,2011-03-23,"  2,601,341 ",,,,,,,,,,,,,,,
,,,,2011-03-30,"  2,622,523 ",,,,,,,,,,,,,,,
,,,,2011-04-06,"  2,648,676 ",,,,,,,,,,,,,,,
,,,,2011-04-13,"  2,665,408 ",,,,,,,,,,,,,,,
,,,,2011-04-20,"  2,685,782 ",,,,,,,,,,,,,,,
,,,,2011-04-27,"  2,690,985 ",,,,,,,,,,,,,,,
,,,,2011-05-04,"  2,718,757 ",,,,,,,,,,,,,,,
,,,,2011-05-11,"  2,744,498 ",,,,,,,,,,,,,,,
,,,,2011-05-18,"  2,758,009 ",,,,,,,,,,,,,,,
,,,,2011-05-25,"  2,774,996 ",,,,,,,,,,,,,,,
,,,,2011-06-01,"  2,788,723 ",,,,,,,,,,,,,,,
,,,,2011-06-08,"  2,811,206 ",,,,,,,,,,,,,,,
,,,,2011-06-15,"  2,827,549 ",,,,,,,,,,,,,,,
,,,,2011-06-22,"  2,856,403 ",,,,,,,,,,,,,,,
,,,,2011-06-29,"  2,865,251 ",,,,,,,,,,,,,,,
,,,,2011-07-06,"  2,870,103 ",,,,,,,,,,,,,,,
,,,,2011-07-13,"  2,878,074 ",,,,,,,,,,,,,,,
,,,,2011-07-20,"  2,871,301 ",,,,,,,,,,,,,,,
,,,,2011-07-27,"  2,863,576 ",,,,,,,,,,,,,,,
,,,,2011-08-03,"  2,867,215 ",,,,,,,,,,,,,,,
,,,,2011-08-10,"  2,872,423 ",,,,,,,,,,,,,,,
,,,,2011-08-17,"  2,857,906 ",,,,,,,,,,,,,,,
,,,,2011-08-24,"  2,859,433 ",,,,,,,,,,,,,,,
,,,,2011-08-31,"  2,853,888 ",,,,,,,,,,,,,,,
,,,,2011-09-07,"  2,858,660 ",,,,,,,,,,,,,,,
,,,,2011-09-14,"  2,863,540 ",,,,,,,,,,,,,,,
,,,,2011-09-21,"  2,857,747 ",,,,,,,,,,,,,,,
,,,,2011-09-28,"  2,850,921 ",,,,,,,,,,,,,,,
,,,,2011-10-05,"  2,859,701 ",,,,,,,,,,,,,,,
,,,,2011-10-12,"  2,860,822 ",,,,,,,,,,,,,,,
,,,,2011-10-19,"  2,852,390 ",,,,,,,,,,,,,,,
,,,,2011-10-26,"  2,845,685 ",,,,,,,,,,,,,,,
,,,,2011-11-02,"  2,822,034 ",,,,,,,,,,,,,,,
,,,,2011-11-09,"  2,839,786 ",,,,,,,,,,,,,,,
,,,,2011-11-16,"  2,831,576 ",,,,,,,,,,,,,,,
,,,,2011-11-23,"  2,821,980 ",,,,,,,,,,,,,,,
,,,,2011-11-30,"  2,814,235 ",,,,,,,,,,,,,,,
,,,,2011-12-07,"  2,820,691 ",,,,,,,,,,,,,,,
,,,,2011-12-14,"  2,902,488 ",,,,,,,,,,,,,,,
,,,,2011-12-21,"  2,916,085 ",,,,,,,,,,,,,,,
,,,,2011-12-28,"  2,926,095 ",,,,,,,,,,,,,,,
,,,,2012-01-04,"  2,917,689 ",,,,,,,,,,,,,,,
,,,,2012-01-11,"  2,899,149 ",,,,,,,,,,,,,,,
,,,,2012-01-18,"  2,919,423 ",,,,,,,,,,,,,,,
,,,,2012-01-25,"  2,919,545 ",,,,,,,,,,,,,,,
,,,,2012-02-01,"  2,924,947 ",,,,,,,,,,,,,,,
,,,,2012-02-08,"  2,928,275 ",,,,,,,,,,,,,,,
,,,,2012-02-15,"  2,937,893 ",,,,,,,,,,,,,,,
,,,,2012-02-22,"  2,932,813 ",,,,,,,,,,,,,,,
,,,,2012-02-29,"  2,925,722 ",,,,,,,,,,,,,,,
,,,,2012-03-07,"  2,884,747 ",,,,,,,,,,,,,,,
,,,,2012-03-14,"  2,893,560 ",,,,,,,,,,,,,,,
,,,,2012-03-21,"  2,892,646 ",,,,,,,,,,,,,,,
,,,,2012-03-28,"  2,878,137 ",,,,,,,,,,,,,,,
,,,,2012-04-04,"  2,865,478 ",,,,,,,,,,,,,,,
,,,,2012-04-11,"  2,867,200 ",,,,,,,,,,,,,,,
,,,,2012-04-18,"  2,875,470 ",,,,,,,,,,,,,,,
,,,,2012-04-25,"  2,866,561 ",,,,,,,,,,,,,,,
,,,,2012-05-02,"  2,864,280 ",,,,,,,,,,,,,,,
,,,,2012-05-09,"  2,864,150 ",,,,,,,,,,,,,,,
,,,,2012-05-16,"  2,850,984 ",,,,,,,,,,,,,,,
,,,,2012-05-23,"  2,859,495 ",,,,,,,,,,,,,,,
,,,,2012-05-30,"  2,842,654 ",,,,,,,,,,,,,,,
,,,,2012-06-06,"  2,852,018 ",,,,,,,,,,,,,,,
,,,,2012-06-13,"  2,869,071 ",,,,,,,,,,,,,,,
,,,,2012-06-20,"  2,870,846 ",,,,,,,,,,,,,,,
,,,,2012-06-27,"  2,863,547 ",,,,,,,,,,,,,,,
,,,,2012-07-04,"  2,865,858 ",,,,,,,,,,,,,,,
,,,,2012-07-11,"  2,866,279 ",,,,,,,,,,,,,,,
,,,,2012-07-18,"  2,855,807 ",,,,,,,,,,,,,,,
,,,,2012-07-25,"  2,846,757 ",,,,,,,,,,,,,,,
,,,,2012-08-01,"  2,851,118 ",,,,,,,,,,,,,,,
,,,,2012-08-08,"  2,856,181 ",,,,,,,,,,,,,,,
,,,,2012-08-15,"  2,833,317 ",,,,,,,,,,,,,,,
,,,,2012-08-22,"  2,825,661 ",,,,,,,,,,,,,,,
,,,,2012-08-29,"  2,812,806 ",,,,,,,,,,,,,,,
,,,,2012-09-05,"  2,822,169 ",,,,,,,,,,,,,,,
,,,,2012-09-12,"  2,823,448 ",,,,,,,,,,,,,,,
,,,,2012-09-19,"  2,821,574 ",,,,,,,,,,,,,,,
,,,,2012-09-26,"  2,804,457 ",,,,,,,,,,,,,,,
,,,,2012-10-03,"  2,808,512 ",,,,,,,,,,,,,,,
,,,,2012-10-10,"  2,811,623 ",,,,,,,,,,,,,,,
,,,,2012-10-17,"  2,846,920 ",,,,,,,,,,,,,,,
,,,,2012-10-24,"  2,840,964 ",,,,,,,,,,,,,,,
,,,,2012-10-31,"  2,823,137 ",,,,,,,,,,,,,,,
,,,,2012-11-07,"  2,830,791 ",,,,,,,,,,,,,,,
,,,,2012-11-14,"  2,877,244 ",,,,,,,,,,,,,,,
,,,,2012-11-21,"  2,871,161 ",,,,,,,,,,,,,,,
,,,,2012-11-28,"  2,851,362 ",,,,,,,,,,,,,,,
,,,,2012-12-05,"  2,859,807 ",,,,,,,,,,,,,,,
,,,,2012-12-12,"  2,917,260 ",,,,,,,,,,,,,,,
,,,,2012-12-19,"  2,920,231 ",,,,,,,,,,,,,,,
,,,,2012-12-26,"  2,907,300 ",,,,,,,,,,,,,,,
,,,,2013-01-02,"  2,917,189 ",,,,,,,,,,,,,,,
,,,,2013-01-09,"  2,928,728 ",,,,,,,,,,,,,,,
,,,,2013-01-16,"  2,963,812 ",,,,,,,,,,,,,,,
,,,,2013-01-23,"  3,011,697 ",,,,,,,,,,,,,,,
,,,,2013-01-30,"  3,008,704 ",,,,,,,,,,,,,,,
,,,,2013-02-06,"  3,014,975 ",,,,,,,,,,,,,,,
,,,,2013-02-13,"  3,074,225 ",,,,,,,,,,,,,,,
,,,,2013-02-20,"  3,095,150 ",,,,,,,,,,,,,,,
,,,,2013-02-27,"  3,090,600 ",,,,,,,,,,,,,,,
,,,,2013-03-06,"  3,108,805 ",,,,,,,,,,,,,,,
,,,,2013-03-13,"  3,165,396 ",,,,,,,,,,,,,,,
,,,,2013-03-20,"  3,206,888 ",,,,,,,,,,,,,,,
,,,,2013-03-27,"  3,202,256 ",,,,,,,,,,,,,,,
,,,,2013-04-03,"  3,215,432 ",,,,,,,,,,,,,,,
,,,,2013-04-10,"  3,227,762 ",,,,,,,,,,,,,,,
,,,,2013-04-17,"  3,295,109 ",,,,,,,,,,,,,,,
,,,,2013-04-24,"  3,318,649 ",,,,,,,,,,,,,,,
,,,,2013-05-01,"  3,317,194 ",,,,,,,,,,,,,,,
,,,,2013-05-08,"  3,324,615 ",,,,,,,,,,,,,,,
,,,,2013-05-15,"  3,354,269 ",,,,,,,,,,,,,,,
,,,,2013-05-22,"  3,398,713 ",,,,,,,,,,,,,,,
,,,,2013-05-29,"  3,385,128 ",,,,,,,,,,,,,,,
,,,,2013-06-05,"  3,400,183 ",,,,,,,,,,,,,,,
,,,,2013-06-12,"  3,410,842 ",,,,,,,,,,,,,,,
,,,,2013-06-19,"  3,470,530 ",,,,,,,,,,,,,,,
,,,,2013-06-26,"  3,478,672 ",,,,,,,,,,,,,,,
,,,,2013-07-03,"  3,492,742 ",,,,,,,,,,,,,,,
,,,,2013-07-10,"  3,504,095 ",,,,,,,,,,,,,,,
,,,,2013-07-17,"  3,537,861 ",,,,,,,,,,,,,,,
,,,,2013-07-24,"  3,574,574 ",,,,,,,,,,,,,,,
,,,,2013-07-31,"  3,571,797 ",,,,,,,,,,,,,,,
,,,,2013-08-07,"  3,585,359 ",,,,,,,,,,,,,,,
,,,,2013-08-14,"  3,646,323 ",,,,,,,,,,,,,,,
,,,,2013-08-21,"  3,645,668 ",,,,,,,,,,,,,,,
,,,,2013-08-28,"  3,644,456 ",,,,,,,,,,,,,,,
,,,,2013-09-04,"  3,654,182 ",,,,,,,,,,,,,,,
,,,,2013-09-11,"  3,662,035 ",,,,,,,,,,,,,,,
,,,,2013-09-18,"  3,722,192 ",,,,,,,,,,,,,,,
,,,,2013-09-25,"  3,734,018 ",,,,,,,,,,,,,,,
,,,,2013-10-02,"  3,747,387 ",,,,,,,,,,,,,,,
,,,,2013-10-09,"  3,758,663 ",,,,,,,,,,,,,,,
,,,,2013-10-16,"  3,813,599 ",,,,,,,,,,,,,,,
,,,,2013-10-23,"  3,839,033 ",,,,,,,,,,,,,,,
,,,,2013-10-30,"  3,843,396 ",,,,,,,,,,,,,,,
,,,,2013-11-06,"  3,851,623 ",,,,,,,,,,,,,,,
,,,,2013-11-13,"  3,907,424 ",,,,,,,,,,,,,,,
,,,,2013-11-20,"  3,906,620 ",,,,,,,,,,,,,,,
,,,,2013-11-27,"  3,925,876 ",,,,,,,,,,,,,,,
,,,,2013-12-04,"  3,932,626 ",,,,,,,,,,,,,,,
,,,,2013-12-11,"  3,993,955 ",,,,,,,,,,,,,,,
,,,,2013-12-18,"  4,008,062 ",,,,,,,,,,,,,,,
,,,,2013-12-25,"  4,032,575 ",,,,,,,,,,,,,,,
,,,,2014-01-01,"  4,023,640 ",,,,,,,,,,,,,,,
,,,,2014-01-08,"  4,028,185 ",,,,,,,,,,,,,,,
,,,,2014-01-15,"  4,071,528 ",,,,,,,,,,,,,,,
,,,,2014-01-22,"  4,097,914 ",,,,,,,,,,,,,,,
,,,,2014-01-29,"  4,102,138 ",,,,,,,,,,,,,,,
,,,,2014-02-05,"  4,109,285 ",,,,,,,,,,,,,,,
,,,,2014-02-12,"  4,119,474 ",,,,,,,,,,,,,,,
,,,,2014-02-19,"  4,149,224 ",,,,,,,,,,,,,,,
,,,,2014-02-26,"  4,159,972 ",,,,,,,,,,,,,,,
,,,,2014-03-05,"  4,171,762 ",,,,,,,,,,,,,,,
,,,,2014-03-12,"  4,181,361 ",,,,,,,,,,,,,,,
,,,,2014-03-19,"  4,222,081 ",,,,,,,,,,,,,,,
,,,,2014-03-26,"  4,226,971 ",,,,,,,,,,,,,,,
,,,,2014-04-02,"  4,236,441 ",,,,,,,,,,,,,,,
,,,,2014-04-09,"  4,244,188 ",,,,,,,,,,,,,,,
,,,,2014-04-16,"  4,283,967 ",,,,,,,,,,,,,,,
,,,,2014-04-23,"  4,296,339 ",,,,,,,,,,,,,,,
,,,,2014-04-30,"  4,296,049 ",,,,,,,,,,,,,,,
,,,,2014-05-07,"  4,303,143 ",,,,,,,,,,,,,,,
,,,,2014-05-14,"  4,336,649 ",,,,,,,,,,,,,,,
,,,,2014-05-21,"  4,327,560 ",,,,,,,,,,,,,,,
,,,,2014-05-28,"  4,322,654 ",,,,,,,,,,,,,,,
,,,,2014-06-04,"  4,330,917 ",,,,,,,,,,,,,,,
,,,,2014-06-11,"  4,340,904 ",,,,,,,,,,,,,,,
,,,,2014-06-18,"  4,368,168 ",,,,,,,,,,,,,,,
,,,,2014-06-25,"  4,368,348 ",,,,,,,,,,,,,,,
,,,,2014-07-02,"  4,377,031 ",,,,,,,,,,,,,,,
,,,,2014-07-09,"  4,383,401 ",,,,,,,,,,,,,,,
,,,,2014-07-16,"  4,398,201 ",,,,,,,,,,,,,,,
,,,,2014-07-23,"  4,410,746 ",,,,,,,,,,,,,,,
,,,,2014-07-30,"  4,406,637 ",,,,,,,,,,,,,,,
,,,,2014-08-06,"  4,410,111 ",,,,,,,,,,,,,,,
,,,,2014-08-13,"  4,431,923 ",,,,,,,,,,,,,,,
,,,,2014-08-20,"  4,412,924 ",,,,,,,,,,,,,,,
,,,,2014-08-27,"  4,413,736 ",,,,,,,,,,,,,,,
,,,,2014-09-03,"  4,415,587 ",,,,,,,,,,,,,,,
,,,,2014-09-10,"  4,421,408 ",,,,,,,,,,,,,,,
,,,,2014-09-17,"  4,449,588 ",,,,,,,,,,,,,,,
,,,,2014-09-24,"  4,459,050 ",,,,,,,,,,,,,,,
,,,,2014-10-01,"  4,450,260 ",,,,,,,,,,,,,,,
,,,,2014-10-08,"  4,455,403 ",,,,,,,,,,,,,,,
,,,,2014-10-15,"  4,474,360 ",,,,,,,,,,,,,,,
,,,,2014-10-22,"  4,481,616 ",,,,,,,,,,,,,,,
,,,,2014-10-29,"  4,486,754 ",,,,,,,,,,,,,,,
,,,,2014-11-05,"  4,486,585 ",,,,,,,,,,,,,,,
,,,,2014-11-12,"  4,488,895 ",,,,,,,,,,,,,,,
,,,,2014-11-19,"  4,492,759 ",,,,,,,,,,,,,,,
,,,,2014-11-26,"  4,485,931 ",,,,,,,,,,,,,,,
,,,,2014-12-03,"  4,486,190 ",,,,,,,,,,,,,,,
,,,,2014-12-10,"  4,488,865 ",,,,,,,,,,,,,,,
,,,,2014-12-17,"  4,502,247 ",,,,,,,,,,,,,,,
,,,,2014-12-24,"  4,509,462 ",,,,,,,,,,,,,,,
,,,,2014-12-31,"  4,497,660 ",,,,,,,,,,,,,,,
,,,,2015-01-07,"  4,499,524 ",,,,,,,,,,,,,,,
,,,,2015-01-14,"  4,516,077 ",,,,,,,,,,,,,,,
,,,,2015-01-21,"  4,512,936 ",,,,,,,,,,,,,,,
,,,,2015-01-28,"  4,500,064 ",,,,,,,,,,,,,,,
,,,,2015-02-04,"  4,500,348 ",,,,,,,,,,,,,,,
,,,,2015-02-11,"  4,501,685 ",,,,,,,,,,,,,,,
,,,,2015-02-18,"  4,496,851 ",,,,,,,,,,,,,,,
,,,,2015-02-25,"  4,486,725 ",,,,,,,,,,,,,,,
,,,,2015-03-04,"  4,487,583 ",,,,,,,,,,,,,,,
,,,,2015-03-11,"  4,489,279 ",,,,,,,,,,,,,,,
,,,,2015-03-18,"  4,495,888 ",,,,,,,,,,,,,,,
,,,,2015-03-25,"  4,480,603 ",,,,,,,,,,,,,,,
,,,,2015-04-01,"  4,481,799 ",,,,,,,,,,,,,,,
,,,,2015-04-08,"  4,483,419 ",,,,,,,,,,,,,,,
,,,,2015-04-15,"  4,485,366 ",,,,,,,,,,,,,,,
,,,,2015-04-22,"  4,489,695 ",,,,,,,,,,,,,,,
,,,,2015-04-29,"  4,471,499 ",,,,,,,,,,,,,,,
,,,,2015-05-06,"  4,472,703 ",,,,,,,,,,,,,,,
,,,,2015-05-13,"  4,501,188 ",,,,,,,,,,,,,,,
,,,,2015-05-20,"  4,480,384 ",,,,,,,,,,,,,,,
,,,,2015-05-27,"  4,463,981 ",,,,,,,,,,,,,,,
,,,,2015-06-03,"  4,465,360 ",,,,,,,,,,,,,,,
,,,,2015-06-10,"  4,468,005 ",,,,,,,,,,,,,,,
,,,,2015-06-17,"  4,487,817 ",,,,,,,,,,,,,,,
,,,,2015-06-24,"  4,495,055 ",,,,,,,,,,,,,,,
,,,,2015-07-01,"  4,479,130 ",,,,,,,,,,,,,,,
,,,,2015-07-08,"  4,481,289 ",,,,,,,,,,,,,,,
,,,,2015-07-15,"  4,493,605 ",,,,,,,,,,,,,,,
,,,,2015-07-22,"  4,500,503 ",,,,,,,,,,,,,,,
,,,,2015-07-29,"  4,485,480 ",,,,,,,,,,,,,,,
,,,,2015-08-05,"  4,486,329 ",,,,,,,,,,,,,,,
,,,,2015-08-12,"  4,489,250 ",,,,,,,,,,,,,,,
,,,,2015-08-19,"  4,487,208 ",,,,,,,,,,,,,,,
,,,,2015-08-26,"  4,475,105 ",,,,,,,,,,,,,,,
,,,,2015-09-02,"  4,475,886 ",,,,,,,,,,,,,,,
,,,,2015-09-09,"  4,478,213 ",,,,,,,,,,,,,,,
,,,,2015-09-16,"  4,487,809 ",,,,,,,,,,,,,,,
,,,,2015-09-23,"  4,497,484 ",,,,,,,,,,,,,,,
,,,,2015-09-30,"  4,484,111 ",,,,,,,,,,,,,,,
,,,,2015-10-07,"  4,486,185 ",,,,,,,,,,,,,,,
,,,,2015-10-14,"  4,504,704 ",,,,,,,,,,,,,,,
,,,,2015-10-21,"  4,501,372 ",,,,,,,,,,,,,,,
,,,,2015-10-28,"  4,489,339 ",,,,,,,,,,,,,,,
,,,,2015-11-04,"  4,489,702 ",,,,,,,,,,,,,,,
,,,,2015-11-11,"  4,492,012 ",,,,,,,,,,,,,,,
,,,,2015-11-18,"  4,486,721 ",,,,,,,,,,,,,,,
,,,,2015-11-25,"  4,477,088 ",,,,,,,,,,,,,,,
,,,,2015-12-02,"  4,478,069 ",,,,,,,,,,,,,,,
,,,,2015-12-09,"  4,480,436 ",,,,,,,,,,,,,,,
,,,,2015-12-16,"  4,489,593 ",,,,,,,,,,,,,,,
,,,,2015-12-23,"  4,496,523 ",,,,,,,,,,,,,,,
,,,,2015-12-30,"  4,486,587 ",,,,,,,,,,,,,,,
,,,,2016-01-06,"  4,486,606 ",,,,,,,,,,,,,,,
,,,,2016-01-13,"  4,501,695 ",,,,,,,,,,,,,,,
,,,,2016-01-20,"  4,488,840 ",,,,,,,,,,,,,,,
,,,,2016-01-27,"  4,482,349 ",,,,,,,,,,,,,,,
,,,,2016-02-03,"  4,483,495 ",,,,,,,,,,,,,,,
,,,,2016-02-10,"  4,486,278 ",,,,,,,,,,,,,,,
,,,,2016-02-17,"  4,483,629 ",,,,,,,,,,,,,,,
,,,,2016-02-24,"  4,489,796 ",,,,,,,,,,,,,,,
,,,,2016-03-02,"  4,478,485 ",,,,,,,,,,,,,,,
,,,,2016-03-09,"  4,481,083 ",,,,,,,,,,,,,,,
,,,,2016-03-16,"  4,486,333 ",,,,,,,,,,,,,,,
,,,,2016-03-23,"  4,492,857 ",,,,,,,,,,,,,,,
,,,,2016-03-30,"  4,482,840 ",,,,,,,,,,,,,,,
,,,,2016-04-06,"  4,484,069 ",,,,,,,,,,,,,,,
,,,,2016-04-13,"  4,499,729 ",,,,,,,,,,,,,,,
,,,,2016-04-20,"  4,490,131 ",,,,,,,,,,,,,,,
,,,,2016-04-27,"  4,474,665 ",,,,,,,,,,,,,,,
,,,,2016-05-04,"  4,477,270 ",,,,,,,,,,,,,,,
,,,,2016-05-11,"  4,478,411 ",,,,,,,,,,,,,,,
,,,,2016-05-18,"  4,473,741 ",,,,,,,,,,,,,,,
,,,,2016-05-25,"  4,461,111 ",,,,,,,,,,,,,,,
,,,,2016-06-01,"  4,461,393 ",,,,,,,,,,,,,,,
,,,,2016-06-08,"  4,463,542 ",,,,,,,,,,,,,,,
,,,,2016-06-15,"  4,472,817 ",,,,,,,,,,,,,,,
,,,,2016-06-22,"  4,482,009 ",,,,,,,,,,,,,,,
,,,,2016-06-29,"  4,466,482 ",,,,,,,,,,,,,,,
,,,,2016-07-06,"  4,470,605 ",,,,,,,,,,,,,,,
,,,,2016-07-13,"  4,472,202 ",,,,,,,,,,,,,,,
,,,,2016-07-20,"  4,480,973 ",,,,,,,,,,,,,,,
,,,,2016-07-27,"  4,464,498 ",,,,,,,,,,,,,,,
,,,,2016-08-03,"  4,466,793 ",,,,,,,,,,,,,,,
,,,,2016-08-10,"  4,468,929 ",,,,,,,,,,,,,,,
,,,,2016-08-17,"  4,466,476 ",,,,,,,,,,,,,,,
,,,,2016-08-24,"  4,473,840 ",,,,,,,,,,,,,,,
,,,,2016-08-31,"  4,457,907 ",,,,,,,,,,,,,,,
,,,,2016-09-07,"  4,459,394 ",,,,,,,,,,,,,,,
,,,,2016-09-14,"  4,481,635 ",,,,,,,,,,,,,,,
,,,,2016-09-21,"  4,473,032 ",,,,,,,,,,,,,,,
,,,,2016-09-28,"  4,452,002 ",,,,,,,,,,,,,,,
,,,,2016-10-05,"  4,459,407 ",,,,,,,,,,,,,,,
,,,,2016-10-12,"  4,457,698 ",,,,,,,,,,,,,,,
,,,,2016-10-19,"  4,467,382 ",,,,,,,,,,,,,,,
,,,,2016-10-26,"  4,454,326 ",,,,,,,,,,,,,,,
,,,,2016-11-02,"  4,453,087 ",,,,,,,,,,,,,,,
,,,,2016-11-09,"  4,455,087 ",,,,,,,,,,,,,,,
,,,,2016-11-16,"  4,453,633 ",,,,,,,,,,,,,,,
,,,,2016-11-23,"  4,465,782 ",,,,,,,,,,,,,,,
,,,,2016-11-30,"  4,446,307 ",,,,,,,,,,,,,,,
,,,,2016-12-07,"  4,448,618 ",,,,,,,,,,,,,,,
,,,,2016-12-14,"  4,470,973 ",,,,,,,,,,,,,,,
,,,,2016-12-21,"  4,469,089 ",,,,,,,,,,,,,,,
,,,,2016-12-28,"  4,451,451 ",,,,,,,,,,,,,,,
,,,,2017-01-04,"  4,453,101 ",,,,,,,,,,,,,,,
,,,,2017-01-11,"  4,452,509 ",,,,,,,,,,,,,,,
,,,,2017-01-18,"  4,460,758 ",,,,,,,,,,,,,,,
,,,,2017-01-25,"  4,452,838 ",,,,,,,,,,,,,,,
,,,,2017-02-01,"  4,453,881 ",,,,,,,,,,,,,,,
,,,,2017-02-08,"  4,456,236 ",,,,,,,,,,,,,,,
,,,,2017-02-15,"  4,454,676 ",,,,,,,,,,,,,,,
,,,,2017-02-22,"  4,468,702 ",,,,,,,,,,,,,,,
,,,,2017-03-01,"  4,458,018 ",,,,,,,,,,,,,,,
,,,,2017-03-08,"  4,459,840 ",,,,,,,,,,,,,,,
,,,,2017-03-15,"  4,469,577 ",,,,,,,,,,,,,,,
,,,,2017-03-22,"  4,478,236 ",,,,,,,,,,,,,,,
,,,,2017-03-29,"  4,469,618 ",,,,,,,,,,,,,,,
,,,,2017-04-05,"  4,474,634 ",,,,,,,,,,,,,,,
,,,,2017-04-12,"  4,484,492 ",,,,,,,,,,,,,,,
,,,,2017-04-19,"  4,479,270 ",,,,,,,,,,,,,,,
,,,,2017-04-26,"  4,470,142 ",,,,,,,,,,,,,,,
,,,,2017-05-03,"  4,471,246 ",,,,,,,,,,,,,,,
,,,,2017-05-10,"  4,473,459 ",,,,,,,,,,,,,,,
,,,,2017-05-17,"  4,467,108 ",,,,,,,,,,,,,,,
,,,,2017-05-24,"  4,470,852 ",,,,,,,,,,,,,,,
,,,,2017-05-31,"  4,459,914 ",,,,,,,,,,,,,,,
,,,,2017-06-07,"  4,462,443 ",,,,,,,,,,,,,,,
,,,,2017-06-14,"  4,476,269 ",,,,,,,,,,,,,,,
,,,,2017-06-21,"  4,474,257 ",,,,,,,,,,,,,,,
,,,,2017-06-28,"  4,463,347 ",,,,,,,,,,,,,,,
,,,,2017-07-05,"  4,467,272 ",,,,,,,,,,,,,,,
,,,,2017-07-12,"  4,466,702 ",,,,,,,,,,,,,,,
,,,,2017-07-19,"  4,476,903 ",,,,,,,,,,,,,,,
,,,,2017-07-26,"  4,465,284 ",,,,,,,,,,,,,,,
,,,,2017-08-02,"  4,466,846 ",,,,,,,,,,,,,,,
,,,,2017-08-09,"  4,469,083 ",,,,,,,,,,,,,,,
,,,,2017-08-16,"  4,462,871 ",,,,,,,,,,,,,,,
,,,,2017-08-23,"  4,463,837 ",,,,,,,,,,,,,,,
,,,,2017-08-30,"  4,452,360 ",,,,,,,,,,,,,,,
,,,,2017-09-06,"  4,453,474 ",,,,,,,,,,,,,,,
,,,,2017-09-13,"  4,471,174 ",,,,,,,,,,,,,,,
,,,,2017-09-20,"  4,458,576 ",,,,,,,,,,,,,,,
,,,,2017-09-27,"  4,455,661 ",,,,,,,,,,,,,,,
,,,,2017-10-04,"  4,460,422 ",,,,,,,,,,,,,,,
,,,,2017-10-11,"  4,459,415 ",,,,,,,,,,,,,,,
,,,,2017-10-18,"  4,469,723 ",,,,,,,,,,,,,,,
,,,,2017-10-25,"  4,461,117 ",,,,,,,,,,,,,,,
,,,,2017-11-01,"  4,455,887 ",,,,,,,,,,,,,,,
,,,,2017-11-08,"  4,458,552 ",,,,,,,,,,,,,,,
,,,,2017-11-15,"  4,448,289 ",,,,,,,,,,,,,,,
,,,,2017-11-22,"  4,450,615 ",,,,,,,,,,,,,,,
,,,,2017-11-29,"  4,438,592 ",,,,,,,,,,,,,,,
,,,,2017-12-06,"  4,437,148 ",,,,,,,,,,,,,,,
,,,,2017-12-13,"  4,452,726 ",,,,,,,,,,,,,,,
,,,,2017-12-20,"  4,447,470 ",,,,,,,,,,,,,,,
,,,,2017-12-27,"  4,448,680 ",,,,,,,,,,,,,,,
,,,,2018-01-03,"  4,443,718 ",,,,,,,,,,,,,,,
,,,,2018-01-10,"  4,446,062 ",,,,,,,,,,,,,,,
,,,,2018-01-17,"  4,439,145 ",,,,,,,,,,,,,,,
,,,,2018-01-24,"  4,441,317 ",,,,,,,,,,,,,,,
,,,,2018-01-31,"  4,419,225 ",,,,,,,,,,,,,,,
,,,,2018-02-07,"  4,420,745 ",,,,,,,,,,,,,,,
,,,,2018-02-14,"  4,434,863 ",,,,,,,,,,,,,,,
,,,,2018-02-21,"  4,411,660 ",,,,,,,,,,,,,,,
,,,,2018-02-28,"  4,393,401 ",,,,,,,,,,,,,,,
,,,,2018-03-07,"  4,396,097 ",,,,,,,,,,,,,,,
,,,,2018-03-14,"  4,407,258 ",,,,,,,,,,,,,,,
,,,,2018-03-21,"  4,401,222 ",,,,,,,,,,,,,,,
,,,,2018-03-28,"  4,392,198 ",,,,,,,,,,,,,,,
,,,,2018-04-04,"  4,386,104 ",,,,,,,,,,,,,,,
,,,,2018-04-11,"  4,383,684 ",,,,,,,,,,,,,,,
,,,,2018-04-18,"  4,385,903 ",,,,,,,,,,,,,,,
,,,,2018-04-25,"  4,372,886 ",,,,,,,,,,,,,,,
,,,,2018-05-02,"  4,356,129 ",,,,,,,,,,,,,,,
,,,,2018-05-09,"  4,358,207 ",,,,,,,,,,,,,,,
,,,,2018-05-16,"  4,337,609 ",,,,,,,,,,,,,,,
,,,,2018-05-23,"  4,337,301 ",,,,,,,,,,,,,,,
,,,,2018-05-30,"  4,327,519 ",,,,,,,,,,,,,,,
,,,,2018-06-06,"  4,319,191 ",,,,,,,,,,,,,,,
,,,,2018-06-13,"  4,324,906 ",,,,,,,,,,,,,,,
,,,,2018-06-20,"  4,315,896 ",,,,,,,,,,,,,,,
,,,,2018-06-27,"  4,305,491 ",,,,,,,,,,,,,,,
,,,,2018-07-04,"  4,289,764 ",,,,,,,,,,,,,,,
,,,,2018-07-11,"  4,291,201 ",,,,,,,,,,,,,,,
,,,,2018-07-18,"  4,291,615 ",,,,,,,,,,,,,,,
,,,,2018-07-25,"  4,277,681 ",,,,,,,,,,,,,,,
,,,,2018-08-01,"  4,255,653 ",,,,,,,,,,,,,,,
,,,,2018-08-08,"  4,258,030 ",,,,,,,,,,,,,,,
,,,,2018-08-15,"  4,228,924 ",,,,,,,,,,,,,,,
,,,,2018-08-22,"  4,228,818 ",,,,,,,,,,,,,,,
,,,,2018-08-29,"  4,218,914 ",,,,,,,,,,,,,,,
,,,,2018-09-05,"  4,208,496 ",,,,,,,,,,,,,,,
,,,,2018-09-12,"  4,210,812 ",,,,,,,,,,,,,,,
,,,,2018-09-19,"  4,208,059 ",,,,,,,,,,,,,,,
,,,,2018-09-26,"  4,192,909 ",,,,,,,,,,,,,,,
,,,,2018-10-03,"  4,174,704 ",,,,,,,,,,,,,,,
,,,,2018-10-10,"  4,176,906 ",,,,,,,,,,,,,,,
,,,,2018-10-17,"  4,175,446 ",,,,,,,,,,,,,,,
,,,,2018-10-24,"  4,173,070 ",,,,,,,,,,,,,,,
,,,,2018-10-31,"  4,139,731 ",,,,,,,,,,,,,,,
,,,,2018-11-07,"  4,141,936 ",,,,,,,,,,,,,,,
,,,,2018-11-14,"  4,145,892 ",,,,,,,,,,,,,,,
,,,,2018-11-21,"  4,106,198 ",,,,,,,,,,,,,,,
,,,,2018-11-28,"  4,097,170 ",,,,,,,,,,,,,,,
,,,,2018-12-05,"  4,086,044 ",,,,,,,,,,,,,,,
,,,,2018-12-12,"  4,088,314 ",,,,,,,,,,,,,,,
,,,,2018-12-19,"  4,084,274 ",,,,,,,,,,,,,,,
,,,,2018-12-26,"  4,075,636 ",,,,,,,,,,,,,,,
,,,,2019-01-02,"  4,058,378 ",,,,,,,,,,,,,,,
,,,,2019-01-09,"  4,056,563 ",,,,,,,,,,,,,,,
,,,,2019-01-16,"  4,050,044 ",,,,,,,,,,,,,,,
,,,,2019-01-23,"  4,047,052 ",,,,,,,,,,,,,,,
,,,,2019-01-30,"  4,039,678 ",,,,,,,,,,,,,,,
,,,,2019-02-06,"  4,026,350 ",,,,,,,,,,,,,,,
,,,,2019-02-13,"  4,028,431 ",,,,,,,,,,,,,,,
,,,,2019-02-20,"  3,981,420 ",,,,,,,,,,,,,,,
,,,,2019-02-27,"  3,974,590 ",,,,,,,,,,,,,,,
,,,,2019-03-06,"  3,969,134 ",,,,,,,,,,,,,,,
,,,,2019-03-13,"  3,971,559 ",,,,,,,,,,,,,,,
,,,,2019-03-20,"  3,962,748 ",,,,,,,,,,,,,,,
,,,,2019-03-27,"  3,955,617 ",,,,,,,,,,,,,,,
,,,,2019-04-03,"  3,935,509 ",,,,,,,,,,,,,,,
,,,,2019-04-10,"  3,936,784 ",,,,,,,,,,,,,,,
,,,,2019-04-17,"  3,931,827 ",,,,,,,,,,,,,,,
,,,,2019-04-24,"  3,928,273 ",,,,,,,,,,,,,,,
,,,,2019-05-01,"  3,889,691 ",,,,,,,,,,,,,,,
,,,,2019-05-08,"  3,892,216 ",,,,,,,,,,,,,,,
,,,,2019-05-15,"  3,864,749 ",,,,,,,,,,,,,,,
,,,,2019-05-22,"  3,860,435 ",,,,,,,,,,,,,,,
,,,,2019-05-29,"  3,851,444 ",,,,,,,,,,,,,,,
,,,,2019-06-05,"  3,847,645 ",,,,,,,,,,,,,,,
,,,,2019-06-12,"  3,849,955 ",,,,,,,,,,,,,,,
,,,,2019-06-19,"  3,844,016 ",,,,,,,,,,,,,,,
,,,,2019-06-26,"  3,826,817 ",,,,,,,,,,,,,,,
,,,,2019-07-03,"  3,813,198 ",,,,,,,,,,,,,,,
,,,,2019-07-10,"  3,815,038 ",,,,,,,,,,,,,,,
,,,,2019-07-17,"  3,808,110 ",,,,,,,,,,,,,,,
,,,,2019-07-24,"  3,803,436 ",,,,,,,,,,,,,,,
,,,,2019-07-31,"  3,779,102 ",,,,,,,,,,,,,,,
,,,,2019-08-07,"  3,781,543 ",,,,,,,,,,,,,,,
,,,,2019-08-14,"  3,786,018 ",,,,,,,,,,,,,,,
,,,,2019-08-21,"  3,764,866 ",,,,,,,,,,,,,,,
,,,,2019-08-28,"  3,759,946 ",,,,,,,,,,,,,,,
,,,,2019-09-04,"  3,761,508 ",,,,,,,,,,,,,,,
,,,,2019-09-11,"  3,769,673 ",,,,,,,,,,,,,,,
,,,,2019-09-18,"  3,844,695 ",,,,,,,,,,,,,,,
,,,,2019-09-25,"  3,857,715 ",,,,,,,,,,,,,,,
,,,,2019-10-02,"  3,945,831 ",,,,,,,,,,,,,,,
,,,,2019-10-09,"  3,949,955 ",,,,,,,,,,,,,,,
,,,,2019-10-16,"  3,966,471 ",,,,,,,,,,,,,,,
,,,,2019-10-23,"  3,968,700 ",,,,,,,,,,,,,,,
,,,,2019-10-30,"  4,019,823 ",,,,,,,,,,,,,,,
,,,,2019-11-06,"  4,039,443 ",,,,,,,,,,,,,,,
,,,,2019-11-13,"  4,047,882 ",,,,,,,,,,,,,,,
,,,,2019-11-20,"  4,030,249 ",,,,,,,,,,,,,,,
,,,,2019-11-27,"  4,052,875 ",,,,,,,,,,,,,,,
,,,,2019-12-04,"  4,065,696 ",,,,,,,,,,,,,,,
,,,,2019-12-11,"  4,095,491 ",,,,,,,,,,,,,,,
,,,,2019-12-18,"  4,137,052 ",,,,,,,,,,,,,,,
,,,,2019-12-25,"  4,165,591 ",,,,,,,,,,,,,,,
,,,,2020-01-01,"  4,173,626 ",,,,,,,,,,,,,,,
,,,,2020-01-08,"  4,149,544 ",,,,,,,,,,,,,,,
,,,,2020-01-15,"  4,175,850 ",,,,,,,,,,,,,,,
,,,,2020-01-22,"  4,145,912 ",,,,,,,,,,,,,,,
,,,,2020-01-29,"  4,151,630 ",,,,,,,,,,,,,,,
,,,,2020-02-05,"  4,166,707 ",,,,,,,,,,,,,,,
,,,,2020-02-12,"  4,182,689 ",,,,,,,,,,,,,,,
,,,,2020-02-19,"  4,171,570 ",,,,,,,,,,,,,,,
,,,,2020-02-26,"  4,158,637 ",,,,,,,,,,,,,,,
,,,,2020-03-04,"  4,241,507 ",,,,,,,,,,,,,,,
,,,,2020-03-11,"  4,311,911 ",,,,,,,,,,,,,,,
,,,,2020-03-18,"  4,668,212 ",,,,,,,,,,,,,,,
,,,,2020-03-25,"  5,254,278 ",,,,,,,,,,,,,,,
,,,,2020-04-01,"  5,811,607 ",,,,,,,,,,,,,,,
,,,,2020-04-08,"  6,083,141 ",,,,,,,,,,,,,,,
,,,,2020-04-15,"  6,367,887 ",,,,,,,,,,,,,,,
,,,,2020-04-22,"  6,573,136 ",,,,,,,,,,,,,,,
,,,,2020-04-29,"  6,655,929 ",,,,,,,,,,,,,,,
,,,,2020-05-06,"  6,721,420 ",,,,,,,,,,,,,,,
,,,,2020-05-13,"  6,934,227 ",,,,,,,,,,,,,,,
,,,,2020-05-20,"  7,037,258 ",,,,,,,,,,,,,,,
,,,,2020-05-27,"  7,097,316 ",,,,,,,,,,,,,,,
,,,,2020-06-03,"  7,165,217 ",,,,,,,,,,,,,,,
,,,,2020-06-10,"  7,168,936 ",,,,,,,,,,,,,,,
,,,,2020-06-17,"  7,094,690 ",,,,,,,,,,,,,,,
,,,,2020-06-24,"  7,082,302 ",,,,,,,,,,,,,,,
,,,,2020-07-01,"  7,009,040 ",,,,,,,,,,,,,,,
,,,,2020-07-08,"  6,920,716 ",,,,,,,,,,,,,,,
,,,,2020-07-15,"  6,958,604 ",,,,,,,,,,,,,,,
,,,,2020-07-22,"  6,964,755 ",,,,,,,,,,,,,,,
,,,,2020-07-29,"  6,949,032 ",,,,,,,,,,,,,,,
,,,,2020-08-05,"  6,945,237 ",,,,,,,,,,,,,,,
,,,,2020-08-12,"  6,957,277 ",,,,,,,,,,,,,,,
,,,,2020-08-19,"  7,010,637 ",,,,,,,,,,,,,,,
,,,,2020-08-26,"  6,990,418 ",,,,,,,,,,,,,,,
,,,,2020-09-02,"  7,017,492 ",,,,,,,,,,,,,,,
,,,,2020-09-09,"  7,010,614 ",,,,,,,,,,,,,,,
,,,,2020-09-16,"  7,064,475 ",,,,,,,,,,,,,,,
,,,,2020-09-23,"  7,093,161 ",,,,,,,,,,,,,,,
,,,,2020-09-30,"  7,056,129 ",,,,,,,,,,,,,,,
,,,,2020-10-07,"  7,074,649 ",,,,,,,,,,,,,,,
,,,,2020-10-14,"  7,151,426 ",,,,,,,,,,,,,,,
,,,,2020-10-21,"  7,177,265 ",,,,,,,,,,,,,,,
,,,,2020-10-28,"  7,146,306 ",,,,,,,,,,,,,,,
,,,,2020-11-04,"  7,157,479 ",,,,,,,,,,,,,,,
,,,,2020-11-11,"  7,175,417 ",,,,,,,,,,,,,,,
,,,,2020-11-18,"  7,243,080 ",,,,,,,,,,,,,,,
,,,,2020-11-25,"  7,216,480 ",,,,,,,,,,,,,,,
,,,,2020-12-02,"  7,222,414 ",,,,,,,,,,,,,,,
,,,,2020-12-09,"  7,242,658 ",,,,,,,,,,,,,,,
,,,,2020-12-16,"  7,362,592 ",,,,,,,,,,,,,,,
,,,,2020-12-23,"  7,404,039 ",,,,,,,,,,,,,,,
,,,,2020-12-30,"  7,363,351 ",,,,,,,,,,,,,,,
,,,,2021-01-06,"  7,334,809 ",,,,,,,,,,,,,,,
,,,,2021-01-13,"  7,333,968 ",,,,,,,,,,,,,,,
,,,,2021-01-20,"  7,414,942 ",,,,,,,,,,,,,,,
,,,,2021-01-27,"  7,404,926 ",,,,,,,,,,,,,,,
,,,,2021-02-03,"  7,410,598 ",,,,,,,,,,,,,,,
,,,,2021-02-10,"  7,442,225 ",,,,,,,,,,,,,,,
,,,,2021-02-17,"  7,557,402 ",,,,,,,,,,,,,,,
,,,,2021-02-24,"  7,590,111 ",,,,,,,,,,,,,,,
,,,,2021-03-03,"  7,557,524 ",,,,,,,,,,,,,,,